Algorithm,Swarm Density,,,,
,0.1,0.3,0.5,0.7,1
Desert Ant,1,1.972768821,2.604500744,3.05833543,3.555516648
Honey Bee,1,2.067364168,2.706034502,3.119174449,3.532352867
Naïve,1,2.148309055,2.95067493,3.567754813,4.25529855
